{
	"credit": "Made with Blockbench",
	"texture_size": [64, 64],
	"textures": {
		"0": "item/custom/box",
		"particle": "item/custom/box"
	},
	"elements": [
		{
			"from": [0, 0, 2],
			"to": [3, 1, 14],
			"rotation": {"angle": 0, "axis": "y", "origin": [8, 3, 8]},
			"faces": {
				"north": {"uv": [7.5, 6.5, 8.25, 6.75], "texture": "#0"},
				"east": {"uv": [4.5, 6.5, 7.5, 6.75], "texture": "#0"},
				"south": {"uv": [11.25, 6.5, 12, 6.75], "texture": "#0"},
				"west": {"uv": [8.25, 6.5, 11.25, 6.75], "texture": "#0"},
				"up": {"uv": [8.25, 6.5, 7.5, 3.5], "texture": "#0"},
				"down": {"uv": [9, 3.5, 8.25, 6.5], "texture": "#0"}
			}
		},
		{
			"from": [13, 0, 2],
			"to": [16, 1, 14],
			"rotation": {"angle": 0, "axis": "y", "origin": [8, 3, 8]},
			"faces": {
				"north": {"uv": [3, 6.25, 3.75, 6.5], "texture": "#0"},
				"east": {"uv": [0, 6.25, 3, 6.5], "texture": "#0"},
				"south": {"uv": [6.75, 6.25, 7.5, 6.5], "texture": "#0"},
				"west": {"uv": [3.75, 6.25, 6.75, 6.5], "texture": "#0"},
				"up": {"uv": [3.75, 6.25, 3, 3.25], "texture": "#0"},
				"down": {"uv": [4.5, 3.25, 3.75, 6.25], "texture": "#0"}
			}
		},
		{
			"from": [2, 0, 0],
			"to": [14, 1, 3],
			"rotation": {"angle": 0, "axis": "y", "origin": [8, 3, 8]},
			"faces": {
				"north": {"uv": [9.25, 8.5, 12.25, 8.75], "texture": "#0"},
				"east": {"uv": [8.5, 8.5, 9.25, 8.75], "texture": "#0"},
				"south": {"uv": [13, 8.5, 16, 8.75], "texture": "#0"},
				"west": {"uv": [12.25, 8.5, 13, 8.75], "texture": "#0"},
				"up": {"uv": [12.25, 8.5, 9.25, 7.75], "texture": "#0"},
				"down": {"uv": [15.25, 7.75, 12.25, 8.5], "texture": "#0"}
			}
		},
		{
			"from": [2, 0, 13],
			"to": [14, 1, 16],
			"rotation": {"angle": 0, "axis": "y", "origin": [8, 3, 8]},
			"faces": {
				"north": {"uv": [9.25, 7.5, 12.25, 7.75], "texture": "#0"},
				"east": {"uv": [8.5, 7.5, 9.25, 7.75], "texture": "#0"},
				"south": {"uv": [13, 7.5, 16, 7.75], "texture": "#0"},
				"west": {"uv": [12.25, 7.5, 13, 7.75], "texture": "#0"},
				"up": {"uv": [12.25, 7.5, 9.25, 6.75], "texture": "#0"},
				"down": {"uv": [15.25, 6.75, 12.25, 7.5], "texture": "#0"}
			}
		},
		{
			"from": [2, 1, 3],
			"to": [3, 5, 13],
			"rotation": {"angle": 0, "axis": "y", "origin": [8, 3, 8]},
			"faces": {
				"north": {"uv": [8, 9.25, 8.25, 10.25], "texture": "#0"},
				"east": {"uv": [5.5, 9.25, 8, 10.25], "texture": "#0"},
				"south": {"uv": [10.75, 9.25, 11, 10.25], "texture": "#0"},
				"west": {"uv": [8.25, 9.25, 10.75, 10.25], "texture": "#0"},
				"up": {"uv": [8.25, 9.25, 8, 6.75], "texture": "#0"},
				"down": {"uv": [8.5, 6.75, 8.25, 9.25], "texture": "#0"}
			}
		},
		{
			"from": [13, 1, 3],
			"to": [14, 5, 13],
			"rotation": {"angle": 0, "axis": "y", "origin": [8, 3, 8]},
			"faces": {
				"north": {"uv": [2.5, 9, 2.75, 10], "texture": "#0"},
				"east": {"uv": [0, 9, 2.5, 10], "texture": "#0"},
				"south": {"uv": [5.25, 9, 5.5, 10], "texture": "#0"},
				"west": {"uv": [2.75, 9, 5.25, 10], "texture": "#0"},
				"up": {"uv": [2.75, 9, 2.5, 6.5], "texture": "#0"},
				"down": {"uv": [3, 6.5, 2.75, 9], "texture": "#0"}
			}
		},
		{
			"from": [2, 1, 2],
			"to": [14, 5, 3],
			"rotation": {"angle": 0, "axis": "y", "origin": [8, 3, 8]},
			"faces": {
				"north": {"uv": [9.25, 1.5, 12.25, 2.5], "texture": "#0"},
				"east": {"uv": [9, 1.5, 9.25, 2.5], "texture": "#0"},
				"south": {"uv": [12.5, 1.5, 15.5, 2.5], "texture": "#0"},
				"west": {"uv": [12.25, 1.5, 12.5, 2.5], "texture": "#0"},
				"up": {"uv": [12.25, 1.5, 9.25, 1.25], "texture": "#0"},
				"down": {"uv": [15.25, 1.25, 12.25, 1.5], "texture": "#0"}
			}
		},
		{
			"from": [2, 1, 13],
			"to": [14, 5, 14],
			"rotation": {"angle": 0, "axis": "y", "origin": [8, 3, 8]},
			"faces": {
				"north": {"uv": [9.25, 0.25, 12.25, 1.25], "texture": "#0"},
				"east": {"uv": [9, 0.25, 9.25, 1.25], "texture": "#0"},
				"south": {"uv": [12.5, 0.25, 15.5, 1.25], "texture": "#0"},
				"west": {"uv": [12.25, 0.25, 12.5, 1.25], "texture": "#0"},
				"up": {"uv": [12.25, 0.25, 9.25, 0], "texture": "#0"},
				"down": {"uv": [15.25, 0, 12.25, 0.25], "texture": "#0"}
			}
		},
		{
			"from": [2, 5, 2],
			"to": [14, 6, 14],
			"rotation": {"angle": 0, "axis": "y", "origin": [8, 3, 8]},
			"faces": {
				"north": {"uv": [3, 3, 6, 3.25], "texture": "#0"},
				"east": {"uv": [0, 3, 3, 3.25], "texture": "#0"},
				"south": {"uv": [9, 3, 12, 3.25], "texture": "#0"},
				"west": {"uv": [6, 3, 9, 3.25], "texture": "#0"},
				"up": {"uv": [6, 3, 3, 0], "texture": "#0"},
				"down": {"uv": [9, 0, 6, 3], "texture": "#0"}
			}
		}
	]
}