{
	"credit": "Made with Blockbench",
	"texture_size": [64, 64],
	"textures": {
		"0": "item/custom/sign_hi"
	},
	"elements": [
		{
			"from": [7, 0, 7],
			"to": [9, 4, 9],
			"rotation": {"angle": 0, "axis": "y", "origin": [7, 0, 7]},
			"faces": {
				"north": {"uv": [0, 4.5, 0.5, 5.5], "texture": "#0"},
				"east": {"uv": [0.75, 4.5, 1.25, 5.5], "texture": "#0"},
				"south": {"uv": [1.5, 4.5, 2, 5.5], "texture": "#0"},
				"west": {"uv": [2.25, 4.5, 2.75, 5.5], "texture": "#0"},
				"up": {"uv": [3.5, 5, 3, 4.5], "texture": "#0"},
				"down": {"uv": [5.5, 1.5, 5, 2], "texture": "#0"}
			}
		},
		{
			"from": [0, 4, 7],
			"to": [16, 12, 9],
			"rotation": {"angle": 0, "axis": "y", "origin": [0, -2, 7]},
			"faces": {
				"north": {"uv": [0, 0, 4, 2], "texture": "#0"},
				"east": {"uv": [4.25, 1.5, 4.75, 3.5], "texture": "#0"},
				"south": {"uv": [0, 2.25, 4, 4.25], "texture": "#0"},
				"west": {"uv": [4.25, 3.75, 4.75, 5.75], "texture": "#0"},
				"up": {"uv": [8.25, 0.5, 4.25, 0], "texture": "#0"},
				"down": {"uv": [8.25, 0.75, 4.25, 1.25], "texture": "#0"}
			}
		}
	]
}